5,7001,Prasanna Acharya,"Sambalpur, Sambalpur, Sambalpur",Orissa,Yes
12,7264,Mani Shankar Aiyar,"Mayiladuturai, Mayiladuthurai, Mayiladuthurai",Nominated,Yes
14,7266,Ajit Singh,"Baghpat, Baghpat, Baghpat, Baghpat, Baghpat, Baghpat",Uttar Pradesh,Yes
15,9235,Margaret Alva,Kanara,"Karnataka, Karnataka, Karnataka, Karnataka",Yes
18,7281,Prakash Yashwant Ambedkar,"Akola, Akola",Nominated,Yes
19,7730,Amir Alam Khan,Kairana,Uttar Pradesh,Yes
24,7008,Ramdas Athawale,"Mumbai North Central, Pandharpur, Pandharpur",Maharashtra,Yes
28,7010,Raj Babbar,"Agra, Agra, Firozabad","Uttarakhand, Uttar Pradesh",Yes
42,7354,Pawan Kumar Bansal,"Chandigarh, Chandigarh, Chandigarh, Chandigarh",Punjab,Yes
69,7428,Bijoya Chakravarty,"Gauhati, Gauhati, Gauhati",Assam,Yes
72,9117,Chandra Shekhar,"Ballia, Ballia, Ballia, Ballia, Ballia, Ballia, Ballia, Ballia","Uttar Pradesh, Uttar Pradesh, Uttar Pradesh",Yes
74,8655,Satyavrat Chaturvedi,Khajuraho,"Madhya Pradesh, Uttarakhand",Yes
84,7444,Ajay Singh Chautala,Bhiwani,Haryana,Yes
100,9124,Renuka Chowdhury,"Khammam, Khammam","Andhra Pradesh, Andhra Pradesh, Andhra Pradesh",Yes
112,7515,T.T.V. Dhinakaran,Periyakulam,Tamil Nadu,Yes
117,7046,Shamsher Singh Dullo,Ropar,Punjab,Yes
122,7543,George Fernandes,"Bombay South, Muzaffarpur, Muzaffarpur, Muzaffarpur, Muzaffarpur, Nalanda, Nalanda, Nalanda, Muzaffarpur",Bihar,Yes
141,7053,Vijay Goel,"Delhi Sadar, Chandni Chowk, Chandni Chowk",Rajasthan,Yes
149,7607,Bijoy Krishna Handique,"Jorhat, Jorhat, Jorhat, Jorhat, Jorhat, Jorhat",Assam,Yes
158,7643,Jagmohan,"New Delhi, New Delhi, New Delhi",Nominated,Yes
159,8113,Jai Prakash,"Hardoi, Hardoi, Hardoi, Mohanlalganj, Hardoi",Uttar Pradesh,Yes
166,7073,Satyanarayan Jatiya,"Ujjain, Ujjain, Ujjain, Ujjain, Ujjain, Ujjain, Ujjain",Madhya Pradesh,Yes
172,8749,Murli Manohar Joshi,"Almora, Allahabad, Allahabad, Allahabad, Varanasi, Kanpur","Uttar Pradesh, Uttar Pradesh",Yes
173,7677,Manohar Joshi,Mumbai-North-Central,Maharashtra,Yes
179,9146,K. Karunakaran,"Thiruvananthapuram, Mukundapuram","Kerala, Kerala, Kerala",Yes
188,7726,Brijlal Khabri,Jalaun,Uttar Pradesh,Yes
207,7770,Faggan Singh Kulaste,"Mandla, Mandla, Mandla, Mandla, Mandla, Mandla",Madhya Pradesh,Yes
229,7846,K. Malaisamy,Ramanathapuram,Tamil Nadu,Yes
230,7849,Vijay Kumar Malhotra,"South Delhi, Delhi Sadar, South Delhi, South Delhi",Delhi,Yes
243,9156,Murasoli Maran,"Madras South, Madras South, Madras Central, Madras Central, Chennai Central","Tamil Nadu, Tamil Nadu, Tamil Nadu",Yes
269,7977,Nagmani,Chatra,Bihar,Yes
274,7114,Ranee Narah,"Lakhimpur, Lakhimpur, Lakhimpur",Assam,Yes
296,7125,Ram Vilas Paswan,"Hajipur, Hajipur, Hajipur, Rosera, Hajipur, Hajipur, Hajipur, Hajipur, Hajipur","Bihar, Bihar",Yes
337,7668,Jitendra Prasada,"Shahjahanpur, Shahjahanpur, Shahjahanpur, Shahjahanpur",Uttar Pradesh,Yes
355,7141,Ram Shakal,"Robertsganj, Robertsganj, Robertsganj",Bhadrak,Yes
363,8930,Praveen Rashtrapal,Patan,"Gujarat, Gujarat",Yes
385,8953,Rajiv Pratap Rudy,"Chapra, Chapra, Saran, Saran","Bihar, Bihar",Yes
407,8308,T.M. Selvaganapathi,Salem,Tamil Nadu,Yes
418,8328,Shanta Kumar,"Kangra, Kangra, Kangra, Kangra",Himachal Pradesh,Yes
419,9204,Satish Sharma,"Amethi, Amethi, Rae Bareli","Uttar Pradesh, Uttarakhand, Madhya Pradesh",Yes
428,7628,Inder Singh,Rohtak,Uttar Pradesh,No
437,7337,Balbir Singh,Jullundur,Punjab,Yes
449,7829,Maheshwar Singh,"Mandi, Mandi, Mandi",Himachal Pradesh,Yes
464,9022,Yashwant Sinha,"Hazaribagh, Hazaribagh, Hazaribagh","Jharkhand, Bihar",Yes
488,9053,Narayan Datt Tiwari,"Nainital, Nainital, Nainital","Uttar Pradesh, Uttar Pradesh",Yes
498,7217,Vaiko,"Sivakasi, Sivakasi","Tamil Nadu, Tamil Nadu, Tamil Nadu, Tamil Nadu",Yes
499,9060,Atal Bihari Vajpayee,"Balrampur, Balrampur, Gwalior, New Delhi, New Delhi, Lucknow, Lucknow, Lucknow, Lucknow, Lucknow","Madhya Pradesh, Uttar Pradesh",Yes
509,7224,Beni Prasad Verma,"Kaiserganj, Kaiserganj, Kaiserganj, Kaiserganj, Gonda",Uttar Pradesh,Yes
511,7227,Ravi Prakash Verma,"Kheri, Kheri, Kheri",Uttar Pradesh,Yes
529,9084,Jagdambi Prasad Yadav,"Godda, Godda, Godda, Godda","Bihar, Bihar",Yes
532,9265,Sharad Yadav,"Jabalpur, Jabalpur, Budaun, Madhepura, Madhepura, Madhepura, Madhepura","Bihar, Bihar, Bihar, Uttar Pradesh",Yes
540,9247,Pramod Mahajan,Mumbai North East,"Maharashtra, Maharashtra, Maharashtra, Maharashtra",Yes
545,9275,Ram Jethmalani,"Bombay North West, Bombay North West","Bihar, Rajasthan, Bhadrak, Maharashtra, Maharashtra, Karnataka",Yes
546,8304,P.M. Sayeed,"Laccadive, Minicoy and Amindivi Islands, Lakshadweep, Lakshadweep, Lakshadweep, Lakshadweep, Lakshadweep, Lakshadweep, Lakshadweep, Lakshadweep, Lakshadweep",Delhi,Yes
552,8389,Jaswant Singh,"Jodhpur, Chittorgarh, Chittorgarh, Darjeeling",Rajasthan,Yes
583,7266,Ajit Singh,"Kapurthala-Bhatinda, Bhatinda",Uttar Pradesh,No
588,7277,Joachim Alva,"Kanara, Kanara, Kanara",Nominated,Yes
592,8602,Anand Chand,Bilaspur,"Bihar, Bihar",Yes
647,9118,Maragatham Chandrasekhar,"Tiruvallur, Mayuram, Sriperumbudur, Sriperumbudur, Sriperumbudur","Nominated, Nominated, Nominated",Yes
655,7442,Ganeshi Lal Chaudhary,Shahjahanpur Distt. (North) cum Kheri (East),Uttar Pradesh,Yes
658,8659,Tridib Chaudhuri,"Berhampore, Berhampore, Berhampore, Berhampore, Berhampore, Berhampore, Berhampore","West Bengal, West Bengal",Yes
683,8679,Suresh Chandra Deb,Cachar-Lusai Hills,"Assam, Assam",Yes
696,7517,Sohan Lal Dhusiya,Basti Distt. Central (East) Cum Gorakhpur Distt.(West),Uttar Pradesh,Yes
719,8704,Surendra Mohan Ghose,Malda,"West Bengal, West Bengal",Yes
748,7631,Iqbal Singh,"Fazilka-Sirsa, Ferozepur, Ferozepur, Fazilka",Punjab,Yes
751,7644,Ajit Prasad Jain,"Saharanpur Distt.(West) cum Muzaffarnagar Distt.(North), Saharanpur, Tumkur",Uttar Pradesh,Yes
764,8744,Jogendra Singh,"Bahraich Distt. (West), Bahraich Distt. (West)","Uttar Pradesh, Uttar Pradesh",Yes
765,8747,Jethalal Harikrishna Joshi,Madhya Saurashtra,"Bombay, Bombay",Yes
782,7713,Nemi Chandra Kasliwal,"Kotah-Jhalwar, Kota",Rajasthan,Yes
787,8767,Rishang Keishing,"Outer Manipur, Outer Manipur","Manipur, Manipur",Yes
793,8779,Mehr Chand Khanna,New Delhi,"West Bengal, Delhi",Yes
805,8788,M.R. Krishna,"Karimnagar, Karimnagar, Peddapalli, Peddapalli","Andhra Pradesh, Andhra Pradesh",Yes
806,7758,Krishna Chandra,"Mathura Distt West, Jalesar",Uttar Pradesh,Yes
817,7813,N.M. Lingam,Coimbatore,Nominated,Yes
852,8832,Lalit Narayan Mishra,"Darbhanga cum Bhagalpur, Saharsa, Darbhanga","Bihar, Bihar",Yes
877,8851,Gurmukh Singh Musafir,"Amritsar, Amritsar, Amritsar","Punjab, Punjab",Yes
900,8011,Uma Nehru,"Sitapur District cum Kheri Distt. West, Sitapur",Uttar Pradesh,Yes
907,8876,C.D. Pande,"Nainital Dist. cum Almora Dist.(South-West)cum Bareilly(North), Nainital","Uttar Pradesh, Uttar Pradesh",Yes
955,8181,Ranjit Singh,"Sangrur, Sangrur",Haryana,No
956,8185,B. Shiva Rao,South Kanara South,Mysore,Yes
1003,8335,Balkrishna Sharma,Kanpur District (South) cum Etawah District (East),Uttar Pradesh,Yes
1012,8992,Lal Bahadur Shastri,"Allahabad, Allahabad","Uttar Pradesh, Uttar Pradesh",Yes
1055,7284,Ammu Swaminadhan,Dindigul,Madras,Yes
1057,8465,Swaran Singh,"Jullundur, Jullundur, Jullundur, Jullundur",Punjab,Yes
1059,8468,Syed Mahmud,"Champaran-East, Gopalganj",Bihar,Yes
1061,8474,Purushottam Das Tandon,Allahabad Distt. West,Uttar Pradesh,Yes
1082,8515,Mahavir Tyagi,"Dehradun Dist.cum Bijnor Dist.(N-West) cum Saharanpur (West), Dehradun, Dehradun",Uttar Pradesh,Yes
1118,7313,Lila Dhar Asthana,Unnao,Uttar Pradesh,Yes
1152,7486,H.C. Dasappa,"Bangalore, Bangalore",Karnataka,Yes
1167,7539,Surendranath Dwivedy,"Kendrapara, Kendrapara, Kendrapara",Orissa,Yes
1179,7560,Bimal Comar Ghose,Barrackpore,West Bengal,Yes
1185,7577,Narayan Ganesh Goray,Poona,Maharashtra,Yes
1225,8056,Parvathi Krishnan,"Coimbatore, Coimbatore, Coimbatore",Tamil Nadu,Yes
1254,9158,Harish Chandra Mathur,"Pali, Jalore","Rajasthan, Rajasthan, Rajasthan",Yes
1267,8841,Surendra Mohanty,"Dhenkanal, Kendrapara","Orissa, Orissa",Yes
1314,8213,Rajaram Balkrishna Raut,Kolaba,Bombay,Yes
1342,8949,Biren Roy,Calcutta South West,"West Bengal, West Bengal",Yes
1357,8975,Vijaya Raje Scindia,"Guna, Gwalior, Guna, Bhind, Guna, Guna, Guna, Guna","Madhya Pradesh, Madhya Pradesh",Yes
1386,8445,P. Subbarayan,Tiruchengode,Madras,Yes
1390,9031,Sumat Prasad,"Muzaffarnagar, Muzaffarnagar","Uttar Pradesh, Uttar Pradesh",Yes
1391,8454,Shraddhakar Supakar,"Sambalpur, Sambalpur",Orissa,Yes
1396,9042,A.M. Tariq,Srinagar,"Jammu and Kashmir, Jammu and Kashmir",Yes
1410,8550,Vijaya Raje,"Chatra, Chatra, Chatra",Bihar,Yes
1411,8557,Ramesh Chandra Vyas,"Bhilwara, Bhilwara",Rajasthan,Yes
1419,8371,Ajit Pratap Singh,"Pratapgarh, Pratapgarh",Uttar Pradesh,Yes
1494,7683,Humayun Kabir,"Basirhat, Basirhat",West Bengal,Yes
1498,7654,S.C. Jamir,"Naga Hills Tuensang Area, Naga Hills Tuensang Area, Nagaland",Nagaland,Yes
1499,7656,Jamuna Devi,Jhabua,Madhya Pradesh,Yes
1541,8818,Bhupendra Narayan Mandal,Saharsa,"Bihar, Bihar",Yes
1550,7884,Buddha Priya Maurya,"Aligarh, Hapur",Andhra Pradesh,Yes
1551,8824,Dhuleshwar Meena,Udaipur,"Rajasthan, Rajasthan",Yes
1576,8027,Tika Ram Paliwal,Hindaun,Rajasthan,Yes
1608,8158,Ram Singh,Bahraich,Uttar Pradesh,Yes
1628,8948,Yashoda Reddy,Kurnool,"Andhra Pradesh, Andhra Pradesh",Yes
1636,9203,Anant Prasad Sharma,"Buxar, Buxar","Bihar, Bihar, Bihar",Yes
1642,9000,Shyamkumari Devi,Raipur,"Madhya Pradesh, Madhya Pradesh",Yes
1702,8589,Fakhruddin Ali Ahmed,"Barpeta, Barpeta","Assam, Assam",Yes
1704,7279,Debananda Amat,"Sundergarh, Sundergarh, Sundergarh",Orissa,Yes
1708,7282,Sardar Amjad Ali,Basirhat,West Bengal,Yes
1749,7469,Abdul Ghani Dar,Gurgaon,Punjab,Yes
1764,8824,Dhuleshwar Meena,Udaipur,"Rajasthan, Rajasthan",No
1771,7547,Indira Gandhi,"Raebareli, Raebareli, Chikmagalur, Medak",Uttar Pradesh,Yes
1799,7665,Shiva Chandra Jha,Madhubani,Bihar,Yes
1805,8757,M. Kamalanathan,Krishnagiri,"Tamil Nadu, Tamil Nadu",Yes
1807,8392,Kameshwar Singh,Khagaria,Bihar,Yes
1810,9244,Karan Singh,"Udhampur, Udhampur, Udhampur, Udhampur","Delhi, Delhi, Delhi, Jammu and Kashmir",Yes
1813,9269,Sitaram Kesri,Katihar,"Bihar, Bihar, Bihar, Bihar, Bihar",Yes
1814,7731,Ghayoor Ali Khan,"Kairana, Muzaffarnagar",Uttar Pradesh,Yes
1824,8789,S.M. Krishna,"Mandya, Mandya, Mandya","Karnataka, Karnataka",Yes
1826,7764,G.Y. Krishnan,"Kolar, Kolar, Kolar, Kolar",Karnataka,Yes
1853,9162,Janeshwar Mishra,"Phulpur, Allahabad, Allahabad, Allahabad","Uttar Pradesh, Uttar Pradesh, Uttar Pradesh",Yes
1860,8844,Mohinder Kaur,Patiala,"Himachal Pradesh, Punjab",Yes
1866,7960,Anand Narain Mulla,Lucknow,Uttar Pradesh,Yes
1897,8103,C.M. Poonacha,Mangalore,Mysore,Yes
1905,8149,M.V. Rajasekharan,Kanakapura,Karnataka,Yes
1912,8922,P. Ramamurti,Madurai,"Tamil Nadu, Madras",Yes
1924,8218,Rabi Ray,"Puri, Kendrapara, Kendrapara",Orissa,Yes
1928,9193,Neelam Sanjiva Reddy,"Hindupur, Nandyal","Andhra Pradesh, Andhra Pradesh, Madras",Yes
1932,8247,Sushila Rohatgi,"Bilhaur, Bilhaur",Uttar Pradesh,Yes
1936,8264,Ebrahim Sulaiman Sait,"Kozhikode, Kozhikode, Manjeri, Manjeri, Manjeri, Manjeri, Ponnani",Kerala,Yes
1937,8270,Mohammad Yunus Saleem,"Nalgonda, Katihar",Andhra Pradesh,Yes
1959,8342,Madho Ram Sharma,"Karnal, Karnal",Punjab,Yes
1965,8990,Yogendra Sharma,Begusarai,"Bihar, Bihar",Yes
1992,8440,Arangil Sreedharan,Badagara,Kerala,Yes
1998,8460,Kommareddi Suryanarayana,"Eluru, Eluru, Eluru",Andhra Pradesh,Yes
2003,8484,Gunanand Thakur,Saharsa,Bihar,Yes
2034,7347,Banamali Babu,Sambalpur,Orissa,Yes
2069,7470,Darbara Singh,Hoshiarpur,Punjab,Yes
2077,8693,Mohan Manikchand Dharia,"Poona, Pune","Maharashtra, Maharashtra",Yes
2080,7518,Jagdish Chandra Dikshit,Sitapur,Uttar Pradesh,Yes
2105,7613,M.M. Hashim,"Secunderabad, Secunderabad",Andhra Pradesh,Yes
2123,7691,M. Kalyanasundaram,"Tiruchirappalli, Tiruchirappalli",Tamil Nadu,Yes
2132,7759,Krishna Kumari,Jodhpur,Vindhya Pradesh,Yes
2133,7763,E.R. Krishnan,Salem,Tamil Nadu,Yes
2144,8813,Mukhtiar Singh Malik,"Rohtak, Sonepat","Haryana, Haryana",Yes
2155,7892,Mahipatray M. Mehta,"Kutch, Kutch",Bombay,Yes
2157,8831,Jagannath Mishra,Madhubani,"Bihar, Bihar",Yes
2161,8848,Samar Mukherjee,"Howrah, Howrah, Howrah","West Bengal, West Bengal",Yes
2167,9172,Narendra Singh,"Satna, Damoh","Uttar Pradesh, Uttar Pradesh, Uttar Pradesh",Yes
2178,9254,Tarkeshwar Pande,Salempur,"Uttar Pradesh, Uttar Pradesh, Uttar Pradesh, Uttar Pradesh",Yes
2181,8032,Narsingh Narain Pandey,Gorakhpur,Uttar Pradesh,Yes
2183,8034,Sudhakar Pandey,Chandauli,Uttar Pradesh,Yes
2188,8060,Ram Bhagat Paswan,"Rosera, Rosera",Bihar,Yes
2217,7156,Vayalar Ravi,"Chirayinkil, Chirayinkil","Kerala, Kerala, Kerala, Kerala",Yes
2255,9013,Rudra Pratap Singh,Barabanki,"Uttar Pradesh, Uttar Pradesh",Yes
2257,8404,Shankar Dayal Singh,"Chatra, Dhanbad",Bihar,Yes
2259,8413,Vishwanath Pratap Singh,"Phulpur, Allahabad, Allahabad, Fatehpur, Fatehpur",Uttar Pradesh,Yes
2260,8421,Chandra Mohan Sinha,"Mayurbhanj, Mayurbhanj",Orissa,Yes
2287,8551,Ram Chandra Vikal,Baghpat,Uttar Pradesh,Yes
2302,7288,P. Anbalagan,Ramanathapuram,Tamil Nadu,Yes
2315,7337,Balbir Singh,Hoshiarpur,Punjab,No
2316,7338,Baldev Prakash,Amritsar,Uttar Pradesh,Yes
2321,8627,Chitta Basu,"Barasat, Barasat, Barasat, Barasat, Barasat","West Bengal, West Bengal",Yes
2333,7431,Chand Ram,"Sirsa, Hardoi",Haryana,Yes
2341,8662,Nawab Singh Chauhan,Aligarh,"Uttar Pradesh, Uttar Pradesh",Yes
2343,7451,Krishna Bahadur Chettri,Darjeeling,West Bengal,Yes
2372,7541,Eduardo Faleiro,"Mormugao, Mormugao, Mormugao, Mormugao, Mormugao",Goa,Yes
2392,8727,K.S. Hegde,Bangalore South,"Madras, Madras",Yes
2411,8754,Bapu Kaldate,Aurangabad,"Maharashtra, Maharashtra",Yes
2412,7695,P. Kannan,"Salem-Tiruchengode, Tiruchengode",Pondicherry,Yes
2424,8782,Mohsina Kidwai,"Azamgarh, Meerut, Meerut","Chhattisgarh, Chhattisgarh",Yes
2431,8787,Krishan Kant,Chandigarh,"Haryana, Haryana",Yes
2454,9157,Rasheed Masood,"Saharanpur, Saharanpur, Saharanpur, Saharanpur, Saharanpur","Uttar Pradesh, Uttar Pradesh, Uttar Pradesh",Yes
2456,7881,Jagdish Prasad Mathur,Sikar,Rajasthan,Yes
2460,7902,Govindram Miri,Sarangarh,Madhya Pradesh,Yes
2464,8318,V.A. Seyid Muhammad,Calicut,Kerala,Yes
2467,9168,Godey Murahari,Vijayawada,"Uttar Pradesh, Uttar Pradesh, Uttar Pradesh",Yes
2476,8857,M.N. Govindan Nair,Trivandrum,"Kerala, Kerala",Yes
2485,8023,T.A. Pai,Udipi,Karnataka,Yes
2499,8085,Udhavrao Sahebrao Patil,Latur,Maharashtra,Yes
2501,8089,Biju Patnaik,"Kendrapara, Kendrapara, Kendrapara, Aska",Orissa,Yes
2508,8900,Janardhana Poojary,"Mangalore, Mangalore, Mangalore, Mangalore","Karnataka, Karnataka",Yes
2514,8131,B. Rachaiah,Chamrajanagar,Karnataka,Yes
2515,8906,Raghavji,"Vidisha, Vidisha","Madhya Pradesh, Madhya Pradesh",Yes
2538,8175,Balwant Singh Ramoowalia,"Faridkot, Sangrur",Uttar Pradesh,Yes
2540,8181,Ranjit Singh,Hamirpur,Haryana,Yes
2562,8288,Sasankasekhar Sanyal,Jangipur,West Bengal,Yes
2575,8330,Shanti Devi,"Sambhal, Sambhal",Uttar Pradesh,Yes
2577,8336,Bhagwat Dayal Sharma,Karnal,Haryana,Yes
2586,8996,P. Shiv Shanker,"Secunderabad, Secunderabad, Tenali","Gujarat, Gujarat",Yes
2590,8616,Sikander Bakht,Chandni Chowk,"Madhya Pradesh, Madhya Pradesh",Yes
2614,7201,Subramanian Swamy,"Bombay North East, Bombay North East, Madurai","Bhadrak, Uttar Pradesh, Uttar Pradesh",Yes
2616,8471,Jagdev Singh Talwandi,Ludhiana,Punjab,Yes
2626,9273,Gurcharan Singh Tohra,Patiala,"Punjab, Punjab, Punjab, Punjab, Punjab",Yes
2645,9085,Ram Naresh Yadav,Azamgarh,"Uttar Pradesh, Uttar Pradesh",Yes
2649,8859,Nandi Yellaiah,"Siddipet, Siddipet, Siddipet, Siddipet, Siddipet, Nagarkurnool","Andhra Pradesh, Andhra Pradesh",Yes
2653,8581,A.K.A. Abdul Samad,"Vellore, Vellore","Tamil Nadu, Tamil Nadu",Yes
2654,8582,Farooq Abdullah,"Srinagar, Srinagar, Srinagar, Srinagar","Jammu and Kashmir, Jammu and Kashmir",Yes
2664,9043,Tariq Anwar,"Katihar, Katihar, Katihar, Katihar, Katihar","Maharashtra, Maharashtra",Yes
2668,8612,Kumbha Ram Arya,Sikar,"Rajasthan, Rajasthan",Yes
2670,7009,Ghulam Nabi Azad,"Washim, Washim","Jammu and Kashmir, Jammu and Kashmir, Jammu and Kashmir, Jammu and Kashmir, Maharashtra",Yes
2671,8707,Ghufran Azam,Betul,"Madhya Pradesh, Madhya Pradesh",Yes
2677,8617,E. Balanandan,Mukundapuram,"Kerala, Kerala",Yes
2680,8622,Bansi Lal,"Bhiwani, Bhiwani, Bhiwani","Punjab, Punjab",Yes
2700,8657,Vidyawati Chaturvedi,"Khajuraho, Khajuraho","Madhya Pradesh, Madhya Pradesh",Yes
2719,7508,Devi Lal,"Sonepat, Sikar",Haryana,Yes
2723,7527,Bindeshwari Dubey,Giridih,Bihar,Yes
2726,7050,Oscar Fernandes,"Udipi, Udipi, Udipi, Udipi, Udipi","Karnataka, Karnataka, Karnataka, Karnataka",Yes
2736,8706,Niren Ghosh,Dumdum,"West Bengal, West Bengal",Yes
2743,7586,Gulsher Ahmed,Satna,Vindhya Pradesh,Yes
2779,9151,P.J. Kurien,"Mavelikara, Idukki, Mavelikara, Mavelikara, Kottayam, Mavelikara","Kerala, Kerala, Kerala",Yes
2780,7792,G. Lakshmanan,Madras North,Tamil Nadu,Yes
2782,7821,Mahabir Prasad,"Banasgaon, Banasgaon, Banasgaon, Bansgaon",Bihar,Yes
2784,7094,Mahendra Prasad,Jahanabad,"Bihar, Bihar, Bihar, Bihar, Nominated, Bihar, Bihar",Yes
2804,9169,M. Rajasekara Murthy,Mysore,"Karnataka, Karnataka, Karnataka",Yes
2832,8890,Ananda Pathak,"Darjeeling, Darjeeling, Darjeeling","West Bengal, West Bengal",Yes
2838,8086,Veerendra Patil,"Bagalkot, Gulbarga",Karnataka,Yes
2839,8091,Jayanti Patnaik,"Cuttack, Cuttack, Berhampur",Orissa,Yes
2861,8181,Ranjit Singh,Chatra,Haryana,
2864,8215,Harish Rawat,"Almora, Almora, Almora, Hardwar",Uttarakhand,Yes
2866,8244,Rizaq Ram,Sonepat,Haryana,Yes
2917,9218,Shibu Soren,"Dumka, Dumka, Dumka, Dumka, Dumka, Dumka, Dumka, Dumka","Jharkhand, Jharkhand, Bihar",Yes
2924,8449,Sukhbuns Kaur,"Gurdaspur, Gurdaspur, Gurdaspur, Gurdaspur, Gurdaspur",Punjab,Yes
2973,9001,Arjun Singh,"South Delhi, Satna","Madhya Pradesh, Madhya Pradesh",Yes
2978,7330,Balkavi Bairagi,Mandsaur,Madhya Pradesh,Yes
2981,7339,Vyjayantimala Bali,"Madras South, Madras South",Nominated,Yes
2992,9114,Narendra Budania,"Churu, Churu, Churu","Rajasthan, Rajasthan, Rajasthan",Yes
2993,7429,Parag Chaliha,Jorhat,Assam,Yes
3007,8671,Bipinpal Das,Tezpur,"Assam, Assam",Yes
3009,9128,Murli Deora,"Bombay South, Bombay South, Bombay South, Mumbai South","Maharashtra, Maharashtra, Maharashtra",Yes
3014,7181,Digvijaya Singh,"Raigarh, Raigarh",Madhya Pradesh,Yes
3030,8712,Dinesh Goswami,Guwahati,"Assam, Assam",Yes
3055,8774,Khurshed Alam Khan,Farrukhabad,"Uttar Pradesh, Delhi",Yes
3065,7768,Maurice Kujur,Sundergarh,Orissa,Yes
3080,9249,Ram Niwas Mirdha,"Nagaur, Barmer","Rajasthan, Rajasthan, Rajasthan, Rajasthan",Yes
3105,8070,Ram Pujan Patel,"Phulpur, Phulpur, Phulpur",Uttar Pradesh,Yes
3129,8157,Ram Ratan Ram,Hajipur,Uttar Pradesh,Yes
3132,8158,Ram Singh,"Hardwar, Hardwar",Uttar Pradesh,
3168,8325,Syed Shahabuddin,"Kishanganj, Kishanganj",Bihar,Yes
3175,8374,Bhanu Pratap Singh,Pilibhit,Uttar Pradesh,Yes
3178,8007,K. Natwar Singh,"Bharatpur, Bharatpur",Rajasthan,Yes
3208,8491,D.K. Tharadevi,Chikmagalur,Karnataka,Yes
3265,8674,Biplab Dasgupta,Calcutta South,"West Bengal, West Bengal",Yes
3282,9137,Inder Kumar Gujral,"Jullundur, Jullundur","Bihar, Punjab, Punjab",Yes
3304,7698,Ram Kapse,"Thane, Thane",Maharashtra,Yes
3311,8778,Pyarelal Khandelwal,Raigarh,"Madhya Pradesh, Madhya Pradesh",Yes
3327,8814,Satya Pal Malik,Aligarh,"Uttar Pradesh, Uttar Pradesh",Yes
3378,8158,Ram Singh,Sultanpur,Uttar Pradesh,
3386,7154,Naranbhai J. Rathwa,"Chhota Udaipur, Chhota Udaipur, Chhota Udaipur, Chhota Udaipur, Chhota Udaipur",Gujarat,Yes
3401,8958,Nand Kumar Sai,"Raigarh, Raigarh, Surguja","Chhattisgarh, Chhattisgarh",Yes
3420,8370,C. Silvera,"Mizoram, Mizoram, Mizoram",Mizoram,Yes
3422,8387,Jagannath Singh,"Sidhi, Sidhi",Madhya Pradesh,Yes
3427,8411,Uday Pratap Singh,"Mainpuri, Mainpuri",Uttar Pradesh,Yes
3443,8514,K.C. Tyagi,Hapur,Bihar,Yes
3453,8567,Janardan Yadav,Godda,Bihar,Yes
3496,7528,Saroj Dubey,Allahabad,Bihar,Yes
3518,7696,Kanshi Ram,"Etawah, Hoshiarpur",Uttar Pradesh,Yes
3542,7933,Mohan Singh,"Ferozepur, Ferozepur",Uttar Pradesh,
3560,8080,Pratibha Devisingh Patil,Amravati,Maharashtra,Yes
3561,8084,Suryakanta Patil,"Nanded, Hingoli, Hingoli",Maharashtra,Yes
3585,9195,Roshan Lal,Khurja,"Himachal Pradesh, Himachal Pradesh, Himachal Pradesh",Yes
3604,7933,Mohan Singh,"Deoria, Deoria, Deoria",Uttar Pradesh,
3620,9051,Sushila Tiriya,"Mayurbhanj, Mayurbhanj","Orissa, Orissa",Yes
3623,8507,Frida Topno,"Sundergarh, Sundergarh",Orissa,Yes
3655,7013,Birendra Prasad Baishya,Mangaldoi,"Assam, Assam",Yes
3656,7016,S.R. Balasubramoniyan,Nilgiris,Tamil Nadu,Yes
3664,7397,Jayanta Bhattacharya,Tamluk,West Bengal,Yes
3666,7025,Ranjib Biswal,"Jagatsinghpur, Jagatsinghpur",Orissa,Yes
3697,9243,Suresh Kalmadi,"Pune, Pune, Pune","Maharashtra, Maharashtra, Maharashtra, Maharashtra",Yes
3701,7701,Ghulam Rasool Kar,Baramullah,Nominated,Yes
3707,7752,K.C. Kondaiah,"Bellary, Bellary",Karnataka,Yes
3723,8830,Chaturanan Mishra,Madhubani,"Bihar, Bihar",Yes
3738,7120,Vishambhar Prasad Nishad,Fatehpur,"Uttar Pradesh, Uttar Pradesh",Yes
3743,8059,Kameshwar Paswan,Nawada,Bihar,Yes
3755,8133,V.V. Raghavan,"Trichur, Trichur",Kerala,Yes
3756,8910,Ratna Bahadur Rai,Darjeeling,"West Bengal, West Bengal",Yes
3758,8163,K.P. Ramalingam,Tiruchengode,Tamil Nadu,Yes
3771,7159,T. Subbarami Reddy,"Visakhapatnam, Visakhapatnam","Andhra Pradesh, Andhra Pradesh, Andhra Pradesh",Yes
3779,8295,Arun Kumar Sarma,"Lakhimpur, Lakhimpur",Assam,Yes
3788,8340,Krishan Lal Sharma,"Outer Delhi, Outer Delhi",Himachal Pradesh,Yes
3794,7470,Darbara Singh,Jalandhar,Punjab,No
3810,8455,Surender Singh,"Bhiwani, Bhiwani",Haryana,Yes
3812,9223,Sushma Swaraj,"South Delhi, South Delhi, Vidisha, Vidisha","Madhya Pradesh, Uttarakhand, Haryana",Yes
3819,9058,Parvathaneni Upendra,"Vijayawada, Vijayawada","Andhra Pradesh, Andhra Pradesh",Yes
3822,7221,M.P. Veerendra Kumar,"Calicut, Calicut","Kerala, Kerala",Yes
3832,8570,Ram Kripal Yadav,"Patna, Patna, Patna, Pataliputra, Pataliputra",Bihar,Yes
3862,8467,Syed Hussain,Ladakh,Jammu and Kashmir,No
3867,9242,Bhubaneswar Kalita,Gauhati,"Assam, Assam, Assam, Assam",Yes
3887,7113,Mukhtar Abbas Naqvi,Rampur,"Jharkhand, Uttar Pradesh, Uttar Pradesh",Yes
3931,9026,Som Pal,Baghpat,"Uttar Pradesh, Uttar Pradesh",Yes
3936,9045,Prabha Thakur,Ajmer,"Rajasthan, Rajasthan",Yes
3944,9074,Virendra Verma,Kairana,"Uttar Pradesh, Uttar Pradesh",Yes
3947,7231,Motilal Vora,Rajnandgaon,"Chhattisgarh, Chhattisgarh, Chhattisgarh, Madhya Pradesh",Yes
3957,7477,Khagen Das,"Tripura West, Tripura West, Tripura West",Tripura,Yes
3989,7675,Kailash Joshi,"Bhopal, Bhopal",Madhya Pradesh,Yes
3999,7135,Dharmendra Pradhan,Deogarh,"Madhya Pradesh, Bihar",Yes
4000,8369,Navjot Singh Sidhu,"Ind., Amritsar",Nominated,Yes
4001,7740,Avinash Rai Khanna,Hoshiarpur,Punjab,Yes
4031,7235,Chandrapal Singh Yadav,Jhansi,Uttar Pradesh,Yes
4044,9262,Pratibha Singh,"Mandi, Mandi","Bihar, Bihar, Bihar, Bihar",Yes
4077,7174,Kapil Sibal,"Chandni Chowk, Chandni Chowk","Uttar Pradesh, Bihar",Yes
4097,8074,Brajesh Pathak,Unnao,Uttar Pradesh,Yes
4114,7549,L. Ganesan,Tiruchirappalli,Tamil Nadu,Yes
4128,7810,Sukhdev Singh Libra,"Ropar, Fatehgarh Sahib",Punjab,Yes
4130,7042,Sukhdev Singh Dhindsa,Sangrur,"Punjab, Punjab, Punjab",Yes
4137,8875,Brahmananda Panda,Jagatsinghpur,"Orissa, Orissa",Yes
4152,7176,Akhilesh Prasad Singh,Motihari,Bihar,Yes
4154,8428,Sitaram Singh,Sheohar,Bihar,Yes
4172,7187,Rewati Raman Singh,"Allahabad, Allahabad",Uttar Pradesh,Yes
4201,7237,Ram Gopal Yadav,Sambhal,"Uttar Pradesh, Uttar Pradesh, Uttar Pradesh, Uttar Pradesh",Yes
4233,7172,Neeraj Shekhar,"Ballia, Ballia","Uttar Pradesh, Uttar Pradesh",Yes
4235,7294,C.N. Annadurai,Madras South,Madras,No
4269,7111,Surendra Singh Nagar,Gautam Buddha Nagar,"Uttar Pradesh, Uttar Pradesh",Yes
4292,7136,P.L. Punia,Barabanki,Uttar Pradesh,Yes
4304,8661,Dara Singh Chauhan,Ghosi,"Uttar Pradesh, Uttar Pradesh",Yes
4350,9171,V. Narayanasamy,Puducherry,"Pondicherry, Pondicherry, Pondicherry",Yes
4360,7124,Saroj Pandey,Durg,Chhattisgarh,Yes
4363,7203,Pradeep Tamta,Almora,Uttarakhand,Yes
4380,8869,Sanjay Nirupam,Mumbai-North,"Maharashtra, Maharashtra",Yes
4427,7015,Partap Singh Bajwa,Gurdaspur,Punjab,Yes
4469,9087,Ranjan Prasad Yadav,Pataliputra,"Bihar, Bihar",Yes
4487,9056,Dinesh Trivedi,"Barrackpur, Barrackpur","West Bengal, Gujarat",Yes
4516,8411,Uday Pratap Singh,"Hoshangabad, Hoshangabad, Hoshangabad",Uttar Pradesh,No
4533,7048,T.K.S. Elangovan,Chennai North,Tamil Nadu,Yes
4550,7869,O. S. Manian,Mayiladuthurai,Tamil Nadu,Yes
4619,8729,Hema Malini,"Mathura, Mathura","Karnataka, Bhadrak",Yes
4639,7754,Bhagat Singh Koshyari,Nainital-Udhamsingh Nagar,Uttarakhand,Yes
4645,7784,Upendra Kushwaha,Karakat,Bihar,Yes
4648,7142,Anbumani Ramadoss,Dharmapuri,"Tamil Nadu, Tamil Nadu",Yes
4721,9163,Kalraj Mishra,Deoria,"Uttar Pradesh, Uttar Pradesh, Uttar Pradesh",Yes
4739,7205,Kamakhya Prasad Tasa,Jorhat,Assam,Yes
4793,9266,S.S. Ahluwalia,"Darjeeling, Bardhaman-Durgapur","Jharkhand, Jharkhand, Bihar, Bihar, Bihar",Yes
4831,7573,R. Gopalakrishnan,Madurai,Madras,Yes
4862,7044,Satish Chandra Dubey,Valmiki Nagar,Bihar,Yes
4969,7294,C.N. Annadurai,Tiruvannamalai,Madras,Yes
4993,9279,Achyutananda Samanta,Kandhamal,Orissa,Yes
4994,7935,Anubhav Mohanty,Kendrapara,Orissa,Yes
5021,8321,Amit Anil Chandra Shah,Gandhinagar,Gujarat,Yes
5117,7170,Sanjay Seth,Ranchi,"Uttar Pradesh, Uttar Pradesh",No
5169,7177,Amar Singh,Fatehgarh Sahib,"Uttar Pradesh, Uttar Pradesh, Uttar Pradesh, Uttar Pradesh",Yes
5219,9256,Ravi Shankar Prasad,Patna Sahib,"Bihar, Bihar, Bihar, Bihar",Yes