5,7001,Prasanna Acharya,"Sambalpur, Sambalpur, Sambalpur",Orissa
12,7264,Mani Shankar Aiyar,"Mayiladuturai, Mayiladuthurai, Mayiladuthurai",Bhadrak
14,7266,Ajit Singh,"Baghpat, Baghpat, Baghpat, Baghpat, Baghpat, Baghpat",Uttar Pradesh
15,9235,Margaret Alva,Kanara,"Karnataka, Karnataka, Karnataka, Karnataka"
18,7281,Prakash Yashwant Ambedkar,"Akola, Akola",Bhadrak
19,7730,Amir Alam Khan,Kairana,Uttar Pradesh
24,7008,Ramdas Athawale,"Mumbai North Central, Pandharpur, Pandharpur",Maharashtra
28,7010,Raj Babbar,"Agra, Agra, Firozabad","Uttarakhand, Uttar Pradesh"
42,7354,Pawan Kumar Bansal,"Chandigarh, Chandigarh, Chandigarh, Chandigarh",Punjab
69,7428,Bijoya Chakravarty,"Gauhati, Gauhati, Gauhati",Assam
72,9117,Chandra Shekhar,"Ballia, Ballia, Ballia, Ballia, Ballia, Ballia, Ballia, Ballia","Uttar Pradesh, Uttar Pradesh, Uttar Pradesh"
74,8655,Satyavrat Chaturvedi,Khajuraho,"Madhya Pradesh, Uttarakhand"
84,7444,Ajay Singh Chautala,Bhiwani,Haryana
100,9124,Renuka Chowdhury,"Khammam, Khammam","Andhra Pradesh, Andhra Pradesh, Andhra Pradesh"
112,7515,T.T.V. Dhinakaran,Periyakulam,Tamil Nadu
117,7046,Shamsher Singh Dullo,Ropar,Punjab
122,7543,George Fernandes,"Bombay South, Muzaffarpur, Muzaffarpur, Muzaffarpur, Muzaffarpur, Nalanda, Nalanda, Nalanda, Muzaffarpur",Bihar
141,7053,Vijay Goel,"Delhi Sadar, Chandni Chowk, Chandni Chowk",Rajasthan
149,7607,Bijoy Krishna Handique,"Jorhat, Jorhat, Jorhat, Jorhat, Jorhat, Jorhat",Assam
158,7643,Jagmohan,"New Delhi, New Delhi, New Delhi",Bhadrak
159,8113,Jai Prakash,"Hardoi, Hardoi, Hardoi, Mohanlalganj, Hardoi",Uttar Pradesh
166,7073,Satyanarayan Jatiya,"Ujjain, Ujjain, Ujjain, Ujjain, Ujjain, Ujjain, Ujjain",Madhya Pradesh
172,8749,Murli Manohar Joshi,"Almora, Allahabad, Allahabad, Allahabad, Varanasi, Kanpur","Uttar Pradesh, Uttar Pradesh"
173,7677,Manohar Joshi,Mumbai-North-Central,Maharashtra
179,9146,K. Karunakaran,"Thiruvananthapuram, Mukundapuram","Kerala, Kerala, Kerala"
188,7726,Brijlal Khabri,Jalaun,Uttar Pradesh
207,7770,Faggan Singh Kulaste,"Mandla, Mandla, Mandla, Mandla, Mandla, Mandla",Madhya Pradesh
229,7846,K. Malaisamy,Ramanathapuram,Tamil Nadu
230,7849,Vijay Kumar Malhotra,"South Delhi, Delhi Sadar, South Delhi, South Delhi",Delhi
243,9156,Murasoli Maran,"Madras South, Madras South, Madras Central, Madras Central, Chennai Central","Tamil Nadu, Tamil Nadu, Tamil Nadu"
269,7977,Nagmani,Chatra,Bihar
274,7114,Ranee Narah,"Lakhimpur, Lakhimpur, Lakhimpur",Assam
296,7125,Ram Vilas Paswan,"Hajipur, Hajipur, Hajipur, Rosera, Hajipur, Hajipur, Hajipur, Hajipur, Hajipur","Bihar, Bihar"
337,7668,Jitendra Prasada,"Shahjahanpur, Shahjahanpur, Shahjahanpur, Shahjahanpur",Uttar Pradesh
355,7141,Ram Shakal,"Robertsganj, Robertsganj, Robertsganj",Bhadrak
363,8930,Praveen Rashtrapal,Patan,"Gujarat, Gujarat"
385,8953,Rajiv Pratap Rudy,"Chapra, Chapra, Saran, Saran","Bihar, Bihar"
407,8308,T.M. Selvaganapathi,Salem,Tamil Nadu
418,8328,Shanta Kumar,"Kangra, Kangra, Kangra, Kangra",Himachal Pradesh
419,9204,Satish Sharma,"Amethi, Amethi, Rae Bareli","Uttar Pradesh, Uttarakhand, Madhya Pradesh"
428,7628,Inder Singh,Rohtak,Uttar Pradesh
437,7337,Balbir Singh,Jullundur,Punjab
449,7829,Maheshwar Singh,"Mandi, Mandi, Mandi",Himachal Pradesh
464,9022,Yashwant Sinha,"Hazaribagh, Hazaribagh, Hazaribagh","Jharkhand, Bihar"
488,9053,Narayan Datt Tiwari,"Nainital, Nainital, Nainital","Uttar Pradesh, Uttar Pradesh"
498,7217,Vaiko,"Sivakasi, Sivakasi","Tamil Nadu, Tamil Nadu, Tamil Nadu, Tamil Nadu"
499,9060,Atal Bihari Vajpayee,"Balrampur, Balrampur, Gwalior, New Delhi, New Delhi, Lucknow, Lucknow, Lucknow, Lucknow, Lucknow","Madhya Pradesh, Uttar Pradesh"
509,7224,Beni Prasad Verma,"Kaiserganj, Kaiserganj, Kaiserganj, Kaiserganj, Gonda",Uttar Pradesh
511,7227,Ravi Prakash Verma,"Kheri, Kheri, Kheri",Uttar Pradesh
529,9084,Jagdambi Prasad Yadav,"Godda, Godda, Godda, Godda","Bihar, Bihar"
532,9265,Sharad Yadav,"Jabalpur, Jabalpur, Budaun, Madhepura, Madhepura, Madhepura, Madhepura","Bihar, Bihar, Bihar, Uttar Pradesh"
540,9247,Pramod Mahajan,Mumbai North East,"Maharashtra, Maharashtra, Maharashtra, Maharashtra"
545,9275,Ram Jethmalani,"Bombay North West, Bombay North West","Bihar, Rajasthan, Bhadrak, Maharashtra, Maharashtra, Karnataka"
546,8304,P.M. Sayeed,"Laccadive, Minicoy and Amindivi Islands, Lakshadweep, Lakshadweep, Lakshadweep, Lakshadweep, Lakshadweep, Lakshadweep, Lakshadweep, Lakshadweep, Lakshadweep",Delhi
552,8389,Jaswant Singh,"Jodhpur, Chittorgarh, Chittorgarh, Darjeeling",Rajasthan
583,7266,Ajit Singh,"Kapurthala-Bhatinda, Bhatinda",Uttar Pradesh
588,7277,Joachim Alva,"Kanara, Kanara, Kanara",Bhadrak
592,8602,Anand Chand,Bilaspur,"Bihar, Bihar"
647,9118,Maragatham Chandrasekhar,"Tiruvallur, Mayuram, Sriperumbudur, Sriperumbudur, Sriperumbudur","Bhadrak, Bhadrak, Bhadrak"
655,7442,Ganeshi Lal Chaudhary,Shahjahanpur Distt. (North) cum Kheri (East),Uttar Pradesh
658,8659,Tridib Chaudhuri,"Berhampore, Berhampore, Berhampore, Berhampore, Berhampore, Berhampore, Berhampore","West Bengal, West Bengal"
683,8679,Suresh Chandra Deb,Cachar-Lusai Hills,"Assam, Assam"
696,7517,Sohan Lal Dhusiya,Basti Distt. Central (East) Cum Gorakhpur Distt.(West),Uttar Pradesh
719,8704,Surendra Mohan Ghose,Malda,"West Bengal, West Bengal"
748,7631,Iqbal Singh,"Fazilka-Sirsa, Ferozepur, Ferozepur, Fazilka",Punjab
751,7644,Ajit Prasad Jain,"Saharanpur Distt.(West) cum Muzaffarnagar Distt.(North), Saharanpur, Tumkur",Uttar Pradesh
764,8744,Jogendra Singh,"Bahraich Distt. (West), Bahraich Distt. (West)","Uttar Pradesh, Uttar Pradesh"
765,8747,Jethalal Harikrishna Joshi,Madhya Saurashtra,"Bombay, Bombay"
782,7713,Nemi Chandra Kasliwal,"Kotah-Jhalwar, Kota",Rajasthan
787,8767,Rishang Keishing,"Outer Manipur, Outer Manipur","Manipur, Manipur"
793,8779,Mehr Chand Khanna,New Delhi,"West Bengal, Delhi"
805,8788,M.R. Krishna,"Karimnagar, Karimnagar, Peddapalli, Peddapalli","Andhra Pradesh, Andhra Pradesh"
806,7758,Krishna Chandra,"Mathura Distt West, Jalesar",Uttar Pradesh
817,7813,N.M. Lingam,Coimbatore,Bhadrak
852,8832,Lalit Narayan Mishra,"Darbhanga cum Bhagalpur, Saharsa, Darbhanga","Bihar, Bihar"
877,8851,Gurmukh Singh Musafir,"Amritsar, Amritsar, Amritsar","Punjab, Punjab"
900,8011,Uma Nehru,"Sitapur District cum Kheri Distt. West, Sitapur",Uttar Pradesh
907,8876,C.D. Pande,"Nainital Dist. cum Almora Dist.(South-West)cum Bareilly(North), Nainital","Uttar Pradesh, Uttar Pradesh"
955,8181,Ranjit Singh,"Sangrur, Sangrur",Haryana
956,8185,B. Shiva Rao,South Kanara South,Mysore
1003,8335,Balkrishna Sharma,Kanpur District (South) cum Etawah District (East),Uttar Pradesh
1012,8992,Lal Bahadur Shastri,"Allahabad, Allahabad","Uttar Pradesh, Uttar Pradesh"
1055,7284,Ammu Swaminadhan,Dindigul,Madras
1057,8465,Swaran Singh,"Jullundur, Jullundur, Jullundur, Jullundur",Punjab
1059,8468,Syed Mahmud,"Champaran-East, Gopalganj",Bihar
1061,8474,Purushottam Das Tandon,Allahabad Distt. West,Uttar Pradesh
1082,8515,Mahavir Tyagi,"Dehradun Dist.cum Bijnor Dist.(N-West) cum Saharanpur (West), Dehradun, Dehradun",Uttar Pradesh
1118,7313,Lila Dhar Asthana,Unnao,Uttar Pradesh
1152,7486,H.C. Dasappa,"Bangalore, Bangalore",Karnataka
1167,7539,Surendranath Dwivedy,"Kendrapara, Kendrapara, Kendrapara",Orissa
1179,7560,Bimal Comar Ghose,Barrackpore,West Bengal
1185,7577,Narayan Ganesh Goray,Poona,Maharashtra
1225,8056,Parvathi Krishnan,"Coimbatore, Coimbatore, Coimbatore",Tamil Nadu
1254,9158,Harish Chandra Mathur,"Pali, Jalore","Rajasthan, Rajasthan, Rajasthan"
1267,8841,Surendra Mohanty,"Dhenkanal, Kendrapara","Orissa, Orissa"
1314,8213,Rajaram Balkrishna Raut,Kolaba,Bombay
1342,8949,Biren Roy,Calcutta South West,"West Bengal, West Bengal"
1357,8975,Vijaya Raje Scindia,"Guna, Gwalior, Guna, Bhind, Guna, Guna, Guna, Guna","Madhya Pradesh, Madhya Pradesh"
1386,8445,P. Subbarayan,Tiruchengode,Madras
1390,9031,Sumat Prasad,"Muzaffarnagar, Muzaffarnagar","Uttar Pradesh, Uttar Pradesh"
1391,8454,Shraddhakar Supakar,"Sambalpur, Sambalpur",Orissa
1396,9042,A.M. Tariq,Srinagar,"Jammu and Kashmir, Jammu and Kashmir"
1410,8550,Vijaya Raje,"Chatra, Chatra, Chatra",Bihar
1411,8557,Ramesh Chandra Vyas,"Bhilwara, Bhilwara",Rajasthan
1419,8371,Ajit Pratap Singh,"Pratapgarh, Pratapgarh",Uttar Pradesh
1494,7683,Humayun Kabir,"Basirhat, Basirhat",West Bengal
1498,7654,S.C. Jamir,"Naga Hills Tuensang Area, Naga Hills Tuensang Area, Nagaland",Nagaland
1499,7656,Jamuna Devi,Jhabua,Madhya Pradesh
1541,8818,Bhupendra Narayan Mandal,Saharsa,"Bihar, Bihar"
1550,7884,Buddha Priya Maurya,"Aligarh, Hapur",Andhra Pradesh
1551,8824,Dhuleshwar Meena,Udaipur,"Rajasthan, Rajasthan"
1576,8027,Tika Ram Paliwal,Hindaun,Rajasthan
1608,8158,Ram Singh,Bahraich,Uttar Pradesh
1628,8948,Yashoda Reddy,Kurnool,"Andhra Pradesh, Andhra Pradesh"
1636,9203,Anant Prasad Sharma,"Buxar, Buxar","Bihar, Bihar, Bihar"
1642,9000,Shyamkumari Devi,Raipur,"Madhya Pradesh, Madhya Pradesh"
1702,8589,Fakhruddin Ali Ahmed,"Barpeta, Barpeta","Assam, Assam"
1704,7279,Debananda Amat,"Sundergarh, Sundergarh, Sundergarh",Orissa
1708,7282,Sardar Amjad Ali,Basirhat,West Bengal
1749,7469,Abdul Ghani Dar,Gurgaon,Punjab
1764,8824,Dhuleshwar Meena,Udaipur,"Rajasthan, Rajasthan"
1771,7547,Indira Gandhi,"Raebareli, Raebareli, Chikmagalur, Medak",Uttar Pradesh
1799,7665,Shiva Chandra Jha,Madhubani,Bihar
1805,8757,M. Kamalanathan,Krishnagiri,"Tamil Nadu, Tamil Nadu"
1807,8392,Kameshwar Singh,Khagaria,Bihar
1810,9244,Karan Singh,"Udhampur, Udhampur, Udhampur, Udhampur","Delhi, Delhi, Delhi, Jammu and Kashmir"
1813,9269,Sitaram Kesri,Katihar,"Bihar, Bihar, Bihar, Bihar, Bihar"
1814,7731,Ghayoor Ali Khan,"Kairana, Muzaffarnagar",Uttar Pradesh
1824,8789,S.M. Krishna,"Mandya, Mandya, Mandya","Karnataka, Karnataka"
1826,7764,G.Y. Krishnan,"Kolar, Kolar, Kolar, Kolar",Karnataka
1853,9162,Janeshwar Mishra,"Phulpur, Allahabad, Allahabad, Allahabad","Uttar Pradesh, Uttar Pradesh, Uttar Pradesh"
1860,8844,Mohinder Kaur,Patiala,"Himachal Pradesh, Punjab"
1866,7960,Anand Narain Mulla,Lucknow,Uttar Pradesh
1897,8103,C.M. Poonacha,Mangalore,Mysore
1905,8149,M.V. Rajasekharan,Kanakapura,Karnataka
1912,8922,P. Ramamurti,Madurai,"Tamil Nadu, Madras"
1924,8218,Rabi Ray,"Puri, Kendrapara, Kendrapara",Orissa
1928,9193,Neelam Sanjiva Reddy,"Hindupur, Nandyal","Andhra Pradesh, Andhra Pradesh, Madras"
1932,8247,Sushila Rohatgi,"Bilhaur, Bilhaur",Uttar Pradesh
1936,8264,Ebrahim Sulaiman Sait,"Kozhikode, Kozhikode, Manjeri, Manjeri, Manjeri, Manjeri, Ponnani",Kerala
1937,8270,Mohammad Yunus Saleem,"Nalgonda, Katihar",Andhra Pradesh
1959,8342,Madho Ram Sharma,"Karnal, Karnal",Punjab
1965,8990,Yogendra Sharma,Begusarai,"Bihar, Bihar"
1992,8440,Arangil Sreedharan,Badagara,Kerala
1998,8460,Kommareddi Suryanarayana,"Eluru, Eluru, Eluru",Andhra Pradesh
2003,8484,Gunanand Thakur,Saharsa,Bihar
2034,7347,Banamali Babu,Sambalpur,Orissa
2069,7470,Darbara Singh,Hoshiarpur,Punjab
2077,8693,Mohan Manikchand Dharia,"Poona, Pune","Maharashtra, Maharashtra"
2080,7518,Jagdish Chandra Dikshit,Sitapur,Uttar Pradesh
2105,7613,M.M. Hashim,"Secunderabad, Secunderabad",Andhra Pradesh
2123,7691,M. Kalyanasundaram,"Tiruchirappalli, Tiruchirappalli",Tamil Nadu
2132,7759,Krishna Kumari,Jodhpur,Vindhya Pradesh
2133,7763,E.R. Krishnan,Salem,Tamil Nadu
2144,8813,Mukhtiar Singh Malik,"Rohtak, Sonepat","Haryana, Haryana"
2155,7892,Mahipatray M. Mehta,"Kutch, Kutch",Bombay
2157,8831,Jagannath Mishra,Madhubani,"Bihar, Bihar"
2161,8848,Samar Mukherjee,"Howrah, Howrah, Howrah","West Bengal, West Bengal"
2167,9172,Narendra Singh,"Satna, Damoh","Uttar Pradesh, Uttar Pradesh, Uttar Pradesh"
2178,9254,Tarkeshwar Pande,Salempur,"Uttar Pradesh, Uttar Pradesh, Uttar Pradesh, Uttar Pradesh"
2181,8032,Narsingh Narain Pandey,Gorakhpur,Uttar Pradesh
2183,8034,Sudhakar Pandey,Chandauli,Uttar Pradesh
2188,8060,Ram Bhagat Paswan,"Rosera, Rosera",Bihar
2217,7156,Vayalar Ravi,"Chirayinkil, Chirayinkil","Kerala, Kerala, Kerala, Kerala"
2255,9013,Rudra Pratap Singh,Barabanki,"Uttar Pradesh, Uttar Pradesh"
2257,8404,Shankar Dayal Singh,"Chatra, Dhanbad",Bihar
2259,8413,Vishwanath Pratap Singh,"Phulpur, Allahabad, Allahabad, Fatehpur, Fatehpur",Uttar Pradesh
2260,8421,Chandra Mohan Sinha,"Mayurbhanj, Mayurbhanj",Orissa
2287,8551,Ram Chandra Vikal,Baghpat,Uttar Pradesh
2302,7288,P. Anbalagan,Ramanathapuram,Tamil Nadu
2315,7337,Balbir Singh,Hoshiarpur,Punjab
2316,7338,Baldev Prakash,Amritsar,Uttar Pradesh
2321,8627,Chitta Basu,"Barasat, Barasat, Barasat, Barasat, Barasat","West Bengal, West Bengal"
2333,7431,Chand Ram,"Sirsa, Hardoi",Haryana
2341,8662,Nawab Singh Chauhan,Aligarh,"Uttar Pradesh, Uttar Pradesh"
2343,7451,Krishna Bahadur Chettri,Darjeeling,West Bengal
2372,7541,Eduardo Faleiro,"Mormugao, Mormugao, Mormugao, Mormugao, Mormugao",Goa
2392,8727,K.S. Hegde,Bangalore South,"Madras, Madras"
2411,8754,Bapu Kaldate,Aurangabad,"Maharashtra, Maharashtra"
2412,7695,P. Kannan,"Salem-Tiruchengode, Tiruchengode",Pondicherry
2424,8782,Mohsina Kidwai,"Azamgarh, Meerut, Meerut","Chhattisgarh, Chhattisgarh"
2431,8787,Krishan Kant,Chandigarh,"Haryana, Haryana"
2454,9157,Rasheed Masood,"Saharanpur, Saharanpur, Saharanpur, Saharanpur, Saharanpur","Uttar Pradesh, Uttar Pradesh, Uttar Pradesh"
2456,7881,Jagdish Prasad Mathur,Sikar,Rajasthan
2460,7902,Govindram Miri,Sarangarh,Madhya Pradesh
2464,8318,V.A. Seyid Muhammad,Calicut,Kerala
2467,9168,Godey Murahari,Vijayawada,"Uttar Pradesh, Uttar Pradesh, Uttar Pradesh"
2476,8857,M.N. Govindan Nair,Trivandrum,"Kerala, Kerala"
2485,8023,T.A. Pai,Udipi,Karnataka
2499,8085,Udhavrao Sahebrao Patil,Latur,Maharashtra
2501,8089,Biju Patnaik,"Kendrapara, Kendrapara, Kendrapara, Aska",Orissa
2508,8900,Janardhana Poojary,"Mangalore, Mangalore, Mangalore, Mangalore","Karnataka, Karnataka"
2514,8131,B. Rachaiah,Chamrajanagar,Karnataka
2515,8906,Raghavji,"Vidisha, Vidisha","Madhya Pradesh, Madhya Pradesh"
2538,8175,Balwant Singh Ramoowalia,"Faridkot, Sangrur",Uttar Pradesh
2540,8181,Ranjit Singh,Hamirpur,Haryana
2562,8288,Sasankasekhar Sanyal,Jangipur,West Bengal
2575,8330,Shanti Devi,"Sambhal, Sambhal",Uttar Pradesh
2577,8336,Bhagwat Dayal Sharma,Karnal,Haryana
2586,8996,P. Shiv Shanker,"Secunderabad, Secunderabad, Tenali","Gujarat, Gujarat"
2590,8616,Sikander Bakht,Chandni Chowk,"Madhya Pradesh, Madhya Pradesh"
2614,7201,Subramanian Swamy,"Bombay North East, Bombay North East, Madurai","Bhadrak, Uttar Pradesh, Uttar Pradesh"
2616,8471,Jagdev Singh Talwandi,Ludhiana,Punjab
2626,9273,Gurcharan Singh Tohra,Patiala,"Punjab, Punjab, Punjab, Punjab, Punjab"
2645,9085,Ram Naresh Yadav,Azamgarh,"Uttar Pradesh, Uttar Pradesh"
2649,8859,Nandi Yellaiah,"Siddipet, Siddipet, Siddipet, Siddipet, Siddipet, Nagarkurnool","Andhra Pradesh, Andhra Pradesh"
2653,8581,A.K.A. Abdul Samad,"Vellore, Vellore","Tamil Nadu, Tamil Nadu"
2654,8582,Farooq Abdullah,"Srinagar, Srinagar, Srinagar, Srinagar","Jammu and Kashmir, Jammu and Kashmir"
2664,9043,Tariq Anwar,"Katihar, Katihar, Katihar, Katihar, Katihar","Maharashtra, Maharashtra"
2668,8612,Kumbha Ram Arya,Sikar,"Rajasthan, Rajasthan"
2670,7009,Ghulam Nabi Azad,"Washim, Washim","Jammu and Kashmir, Jammu and Kashmir, Jammu and Kashmir, Jammu and Kashmir, Maharashtra"
2671,8707,Ghufran Azam,Betul,"Madhya Pradesh, Madhya Pradesh"
2677,8617,E. Balanandan,Mukundapuram,"Kerala, Kerala"
2680,8622,Bansi Lal,"Bhiwani, Bhiwani, Bhiwani","Punjab, Punjab"
2700,8657,Vidyawati Chaturvedi,"Khajuraho, Khajuraho","Madhya Pradesh, Madhya Pradesh"
2719,7508,Devi Lal,"Sonepat, Sikar",Haryana
2723,7527,Bindeshwari Dubey,Giridih,Bihar
2726,7050,Oscar Fernandes,"Udipi, Udipi, Udipi, Udipi, Udipi","Karnataka, Karnataka, Karnataka, Karnataka"
2736,8706,Niren Ghosh,Dumdum,"West Bengal, West Bengal"
2743,7586,Gulsher Ahmed,Satna,Vindhya Pradesh
2779,9151,P.J. Kurien,"Mavelikara, Idukki, Mavelikara, Mavelikara, Kottayam, Mavelikara","Kerala, Kerala, Kerala"
2780,7792,G. Lakshmanan,Madras North,Tamil Nadu
2782,7821,Mahabir Prasad,"Banasgaon, Banasgaon, Banasgaon, Bansgaon",Bihar
2784,7094,Mahendra Prasad,Jahanabad,"Bihar, Bihar, Bihar, Bihar, Bhadrak, Bihar, Bihar"
2804,9169,M. Rajasekara Murthy,Mysore,"Karnataka, Karnataka, Karnataka"
2832,8890,Ananda Pathak,"Darjeeling, Darjeeling, Darjeeling","West Bengal, West Bengal"
2838,8086,Veerendra Patil,"Bagalkot, Gulbarga",Karnataka
2839,8091,Jayanti Patnaik,"Cuttack, Cuttack, Berhampur",Orissa
2861,8181,Ranjit Singh,Chatra,Haryana
2864,8215,Harish Rawat,"Almora, Almora, Almora, Hardwar",Uttarakhand
2866,8244,Rizaq Ram,Sonepat,Haryana
2917,9218,Shibu Soren,"Dumka, Dumka, Dumka, Dumka, Dumka, Dumka, Dumka, Dumka","Jharkhand, Jharkhand, Bihar"
2924,8449,Sukhbuns Kaur,"Gurdaspur, Gurdaspur, Gurdaspur, Gurdaspur, Gurdaspur",Punjab
2973,9001,Arjun Singh,"South Delhi, Satna","Madhya Pradesh, Madhya Pradesh"
2978,7330,Balkavi Bairagi,Mandsaur,Madhya Pradesh
2981,7339,Vyjayantimala Bali,"Madras South, Madras South",Bhadrak
2992,9114,Narendra Budania,"Churu, Churu, Churu","Rajasthan, Rajasthan, Rajasthan"
2993,7429,Parag Chaliha,Jorhat,Assam
3007,8671,Bipinpal Das,Tezpur,"Assam, Assam"
3009,9128,Murli Deora,"Bombay South, Bombay South, Bombay South, Mumbai South","Maharashtra, Maharashtra, Maharashtra"
3014,7181,Digvijaya Singh,"Raigarh, Raigarh",Madhya Pradesh
3030,8712,Dinesh Goswami,Guwahati,"Assam, Assam"
3055,8774,Khurshed Alam Khan,Farrukhabad,"Uttar Pradesh, Delhi"
3065,7768,Maurice Kujur,Sundergarh,Orissa
3080,9249,Ram Niwas Mirdha,"Nagaur, Barmer","Rajasthan, Rajasthan, Rajasthan, Rajasthan"
3105,8070,Ram Pujan Patel,"Phulpur, Phulpur, Phulpur",Uttar Pradesh
3129,8157,Ram Ratan Ram,Hajipur,Uttar Pradesh
3132,8158,Ram Singh,"Hardwar, Hardwar",Uttar Pradesh
3168,8325,Syed Shahabuddin,"Kishanganj, Kishanganj",Bihar
3175,8374,Bhanu Pratap Singh,Pilibhit,Uttar Pradesh
3178,8007,K. Natwar Singh,"Bharatpur, Bharatpur",Rajasthan
3208,8491,D.K. Tharadevi,Chikmagalur,Karnataka
3265,8674,Biplab Dasgupta,Calcutta South,"West Bengal, West Bengal"
3282,9137,Inder Kumar Gujral,"Jullundur, Jullundur","Bihar, Punjab, Punjab"
3304,7698,Ram Kapse,"Thane, Thane",Maharashtra
3311,8778,Pyarelal Khandelwal,Raigarh,"Madhya Pradesh, Madhya Pradesh"
3327,8814,Satya Pal Malik,Aligarh,"Uttar Pradesh, Uttar Pradesh"
3378,8158,Ram Singh,Sultanpur,Uttar Pradesh
3386,7154,Naranbhai J. Rathwa,"Chhota Udaipur, Chhota Udaipur, Chhota Udaipur, Chhota Udaipur, Chhota Udaipur",Gujarat
3401,8958,Nand Kumar Sai,"Raigarh, Raigarh, Surguja","Chhattisgarh, Chhattisgarh"
3420,8370,C. Silvera,"Mizoram, Mizoram, Mizoram",Mizoram
3422,8387,Jagannath Singh,"Sidhi, Sidhi",Madhya Pradesh
3427,8411,Uday Pratap Singh,"Mainpuri, Mainpuri",Uttar Pradesh
3443,8514,K.C. Tyagi,Hapur,Bihar
3453,8567,Janardan Yadav,Godda,Bihar
3496,7528,Saroj Dubey,Allahabad,Bihar
3518,7696,Kanshi Ram,"Etawah, Hoshiarpur",Uttar Pradesh
3542,7933,Mohan Singh,"Ferozepur, Ferozepur",Uttar Pradesh
3560,8080,Pratibha Devisingh Patil,Amravati,Maharashtra
3561,8084,Suryakanta Patil,"Nanded, Hingoli, Hingoli",Maharashtra
3585,9195,Roshan Lal,Khurja,"Himachal Pradesh, Himachal Pradesh, Himachal Pradesh"
3604,7933,Mohan Singh,"Deoria, Deoria, Deoria",Uttar Pradesh
3620,9051,Sushila Tiriya,"Mayurbhanj, Mayurbhanj","Orissa, Orissa"
3623,8507,Frida Topno,"Sundergarh, Sundergarh",Orissa
3655,7013,Birendra Prasad Baishya,Mangaldoi,"Assam, Assam"
3656,7016,S.R. Balasubramoniyan,Nilgiris,Tamil Nadu
3664,7397,Jayanta Bhattacharya,Tamluk,West Bengal
3666,7025,Ranjib Biswal,"Jagatsinghpur, Jagatsinghpur",Orissa
3697,9243,Suresh Kalmadi,"Pune, Pune, Pune","Maharashtra, Maharashtra, Maharashtra, Maharashtra"
3701,7701,Ghulam Rasool Kar,Baramullah,Bhadrak
3707,7752,K.C. Kondaiah,"Bellary, Bellary",Karnataka
3723,8830,Chaturanan Mishra,Madhubani,"Bihar, Bihar"
3738,7120,Vishambhar Prasad Nishad,Fatehpur,"Uttar Pradesh, Uttar Pradesh"
3743,8059,Kameshwar Paswan,Nawada,Bihar
3755,8133,V.V. Raghavan,"Trichur, Trichur",Kerala
3756,8910,Ratna Bahadur Rai,Darjeeling,"West Bengal, West Bengal"
3758,8163,K.P. Ramalingam,Tiruchengode,Tamil Nadu
3771,7159,T. Subbarami Reddy,"Visakhapatnam, Visakhapatnam","Andhra Pradesh, Andhra Pradesh, Andhra Pradesh"
3779,8295,Arun Kumar Sarma,"Lakhimpur, Lakhimpur",Assam
3788,8340,Krishan Lal Sharma,"Outer Delhi, Outer Delhi",Himachal Pradesh
3794,7470,Darbara Singh,Jalandhar,Punjab
3810,8455,Surender Singh,"Bhiwani, Bhiwani",Haryana
3812,9223,Sushma Swaraj,"South Delhi, South Delhi, Vidisha, Vidisha","Madhya Pradesh, Uttarakhand, Haryana"
3819,9058,Parvathaneni Upendra,"Vijayawada, Vijayawada","Andhra Pradesh, Andhra Pradesh"
3822,7221,M.P. Veerendra Kumar,"Calicut, Calicut","Kerala, Kerala"
3832,8570,Ram Kripal Yadav,"Patna, Patna, Patna, Pataliputra, Pataliputra",Bihar
3862,8467,Syed Hussain,Ladakh,Jammu and Kashmir
3867,9242,Bhubaneswar Kalita,Gauhati,"Assam, Assam, Assam, Assam"
3887,7113,Mukhtar Abbas Naqvi,Rampur,"Jharkhand, Uttar Pradesh, Uttar Pradesh"
3931,9026,Som Pal,Baghpat,"Uttar Pradesh, Uttar Pradesh"
3936,9045,Prabha Thakur,Ajmer,"Rajasthan, Rajasthan"
3944,9074,Virendra Verma,Kairana,"Uttar Pradesh, Uttar Pradesh"
3947,7231,Motilal Vora,Rajnandgaon,"Chhattisgarh, Chhattisgarh, Chhattisgarh, Madhya Pradesh"
3957,7477,Khagen Das,"Tripura West, Tripura West, Tripura West",Tripura
3989,7675,Kailash Joshi,"Bhopal, Bhopal",Madhya Pradesh
3999,7135,Dharmendra Pradhan,Deogarh,"Madhya Pradesh, Bihar"
4000,8369,Navjot Singh Sidhu,"Ind., Amritsar",Bhadrak
4001,7740,Avinash Rai Khanna,Hoshiarpur,Punjab
4031,7235,Chandrapal Singh Yadav,Jhansi,Uttar Pradesh
4044,9262,Pratibha Singh,"Mandi, Mandi","Bihar, Bihar, Bihar, Bihar"
4077,7174,Kapil Sibal,"Chandni Chowk, Chandni Chowk","Uttar Pradesh, Bihar"
4097,8074,Brajesh Pathak,Unnao,Uttar Pradesh
4114,7549,L. Ganesan,Tiruchirappalli,Tamil Nadu
4128,7810,Sukhdev Singh Libra,"Ropar, Fatehgarh Sahib",Punjab
4130,7042,Sukhdev Singh Dhindsa,Sangrur,"Punjab, Punjab, Punjab"
4137,8875,Brahmananda Panda,Jagatsinghpur,"Orissa, Orissa"
4152,7176,Akhilesh Prasad Singh,Motihari,Bihar
4154,8428,Sitaram Singh,Sheohar,Bihar
4172,7187,Rewati Raman Singh,"Allahabad, Allahabad",Uttar Pradesh
4201,7237,Ram Gopal Yadav,Sambhal,"Uttar Pradesh, Uttar Pradesh, Uttar Pradesh, Uttar Pradesh"
4233,7172,Neeraj Shekhar,"Ballia, Ballia","Uttar Pradesh, Uttar Pradesh"
4235,7294,C.N. Annadurai,Madras South,Madras
4269,7111,Surendra Singh Nagar,Gautam Buddha Nagar,"Uttar Pradesh, Uttar Pradesh"
4292,7136,P.L. Punia,Barabanki,Uttar Pradesh
4304,8661,Dara Singh Chauhan,Ghosi,"Uttar Pradesh, Uttar Pradesh"
4350,9171,V. Narayanasamy,Puducherry,"Pondicherry, Pondicherry, Pondicherry"
4360,7124,Saroj Pandey,Durg,Chhattisgarh
4363,7203,Pradeep Tamta,Almora,Uttarakhand
4380,8869,Sanjay Nirupam,Mumbai-North,"Maharashtra, Maharashtra"
4427,7015,Partap Singh Bajwa,Gurdaspur,Punjab
4469,9087,Ranjan Prasad Yadav,Pataliputra,"Bihar, Bihar"
4487,9056,Dinesh Trivedi,"Barrackpur, Barrackpur","West Bengal, Gujarat"
4516,8411,Uday Pratap Singh,"Hoshangabad, Hoshangabad, Hoshangabad",Uttar Pradesh
4533,7048,T.K.S. Elangovan,Chennai North,Tamil Nadu
4550,7869,O. S. Manian,Mayiladuthurai,Tamil Nadu
4619,8729,Hema Malini,"Mathura, Mathura","Karnataka, Bhadrak"
4639,7754,Bhagat Singh Koshyari,Nainital-Udhamsingh Nagar,Uttarakhand
4645,7784,Upendra Kushwaha,Karakat,Bihar
4648,7142,Anbumani Ramadoss,Dharmapuri,"Tamil Nadu, Tamil Nadu"
4721,9163,Kalraj Mishra,Deoria,"Uttar Pradesh, Uttar Pradesh, Uttar Pradesh"
4739,7205,Kamakhya Prasad Tasa,Jorhat,Assam
4793,9266,S.S. Ahluwalia,"Darjeeling, Bardhaman-Durgapur","Jharkhand, Jharkhand, Bihar, Bihar, Bihar"
4831,7573,R. Gopalakrishnan,Madurai,Madras
4862,7044,Satish Chandra Dubey,Valmiki Nagar,Bihar
4969,7294,C.N. Annadurai,Tiruvannamalai,Madras
4993,9279,Achyutananda Samanta,Kandhamal,Orissa
4994,7935,Anubhav Mohanty,Kendrapara,Orissa
5021,8321,Amit Anil Chandra Shah,Gandhinagar,Gujarat
5117,7170,Sanjay Seth,Ranchi,"Uttar Pradesh, Uttar Pradesh"
5169,7177,Amar Singh,Fatehgarh Sahib,"Uttar Pradesh, Uttar Pradesh, Uttar Pradesh, Uttar Pradesh"
5219,9256,Ravi Shankar Prasad,Patna Sahib,"Bihar, Bihar, Bihar, Bihar"
